test_case,compile_time,run_time
h-9-02.sy,0.149441,0.003732
h-2-02.sy,0.145384,0.094731
h-4-03.sy,0.149134,0.053208
h-7-01.sy,0.130567,0.009483
h-4-01.sy,0.148641,0.006150
h-2-03.sy,0.167935,0.139950
h-4-02.sy,0.144250,0.002763
h-9-03.sy,0.140226,0.002798
h-2-01.sy,0.130495,0.096628
h-9-01.sy,0.145581,0.019252
